,Cure.LOC,Kmedoids.LOC,KmeansPlus.LOC,ManualUp,EALR,EATT
0,0.5503522604703903,0.02506184434388362,3.725290298461914e-09,0.12065461277961731,3.725290298461914e-09,0.08774079009890556
