,KmeansPlus.LOC,Kmedoids.LOC,Cure.LOC,ManualUp,EALR,EATT
0,0.7172092758119106,0.02506184434388362,3.725290298461914e-09,0.010578293353319168,3.725290298461914e-09,0.14936558529734612
