,Kmedoids.LOC,KmeansPlus.LOC,Cure.LOC,ManualUp,EALR,EATT
0,0.7172092758119106,0.5503522604703903,4.009964816469138e-05,0.6391207613050938,5.5246055126190186e-06,0.18283364921808243
