random,uncertainty-margin,uncertainty-least_confident,uncertainty-entropy,qbc,bmdr,err-reduction,graph_density,quire,spal
2.0437825618234634e-06,0.06742851558084077,0.1244898415332857,0.00011361254437859486,1.597129125577286e-11,1.4450555698123992e-10,0.35667529099605977,8.053918004433287e-09,5.297331186995667e-09,2.1154725692262614e-11
