random,uncertainty-margin,uncertainty-least_confident,uncertainty-entropy,qbc,bmdr,err-reduction,graph_density,quire,spal
0.0,-0.10081632653061225,0.024489795918367346,0.04122448979591837,-0.15020408163265306,0.48612244897959184,0.4326530612244898,0.14612244897959184,0.623265306122449,0.45102040816326533
