Cure.LOC,Kmedoids.LOC,KmeansPlus.LOC,ManualUp,EALR,EATT
-0.19500594530321047,-0.016646848989298454,-0.5778834720570749,-0.07372175980975029,-0.6444708680142688,-0.14149821640903687
