KmeansPlus.LOC,Kmedoids.LOC,Cure.LOC,ManualUp,EALR,EATT
-0.19262782401902498,0.016646848989298454,-0.5850178359096314,-0.06539833531510107,-0.6599286563614745,-0.1403091557669441
