Kmedoids.LOC,KmeansPlus.LOC,Cure.LOC,ManualUp,EALR,EATT
0.19262782401902498,0.19500594530321047,-0.4827586206896552,0.08204518430439953,-0.5850178359096314,0.06064209274673008
