,Cure.LOC,Kmedoids.LOC,KmeansPlus.LOC,ManualUp,EALR,EATT
0,0.422374237438533,1.0,3.5483313941968226e-05,0.38680354386844895,1.2179318639780734e-05,0.8786937026028285
