,KmeansPlus.LOC,Kmedoids.LOC,Cure.LOC,ManualUp,EALR,EATT
0,0.14847058824615172,1.0,2.7720421719036224e-05,0.20621622679113105,8.187440296452538e-06,0.8969367533383413
