,Kmedoids.LOC,KmeansPlus.LOC,Cure.LOC,ManualUp,EALR,EATT
0,0.14847058824615172,0.422374237438533,0.00041108299735237636,0.8074993067340054,7.283040057742181e-05,0.3678955183620315
