random,uncertainty-margin,uncertainty-least_confident,uncertainty-entropy,qbc,bmdr,err-reduction,graph_density,quire,spal
1.8162769500315742e-07,0.014319840216243633,0.029698688880520973,0.00022964824390353715,1.3906055141561405e-10,5.228384790565874e-10,0.5178480161669212,1.9636996565155124e-08,4.52927418624801e-08,1.8757730834002494e-11
