,Cure.LOC,Kmedoids.LOC,KmeansPlus.LOC,ManualUp,EALR,EATT
0,0.6855739243328571,0.017290280592906253,6.843358278274536e-05,0.1260332576930523,3.1795352697372437e-05,0.5647306069731712
