,KmeansPlus.LOC,Kmedoids.LOC,Cure.LOC,ManualUp,EALR,EATT
0,0.5082960315048695,0.017290280592906253,1.8388032913208008e-05,0.038631681352853775,7.577240467071533e-06,0.2652079239487648
