,Kmedoids.LOC,KmeansPlus.LOC,Cure.LOC,ManualUp,EALR,EATT
0,0.5082960315048695,0.6855739243328571,0.10555979982018471,0.8815100230276585,0.08774079009890556,0.522130947560072
