,Cure.LOC,Kmedoids.LOC,KmeansPlus.LOC,ManualUp,EALR,EATT
0,0.040825653821229935,0.16142946236708333,7.73109495639801e-05,0.7982758991420269,0.0004079751670360565,0.9152156375348568
