,KmeansPlus.LOC,Kmedoids.LOC,Cure.LOC,ManualUp,EALR,EATT
0,0.24702516570687294,0.16142946236708333,0.00029926374554634094,0.5647306069731712,0.0011698119342327118,0.7332091443240643
