,Kmedoids.LOC,KmeansPlus.LOC,Cure.LOC,ManualUp,EALR,EATT
0,0.24702516570687294,0.040825653821229935,0.0011698119342327118,0.2652079239487648,0.0037983879446983337,0.30419324710965157
