random,uncertainty-margin,uncertainty-least_confident,uncertainty-entropy,qbc,bmdr,err-reduction,graph_density,quire,spal
0.0,-0.1473469387755102,-0.06979591836734694,-0.05795918367346939,-0.18653061224489795,0.4657142857142857,0.37918367346938775,0.07714285714285714,0.5677551020408164,0.44326530612244897
