Cure.LOC,Kmedoids.LOC,KmeansPlus.LOC,ManualUp,EALR,EATT
0.11890606420927467,0.12366230677764566,-0.460166468489893,-0.2853745541022592,-0.5434007134363853,-0.0011890606420927466
