KmeansPlus.LOC,Kmedoids.LOC,Cure.LOC,ManualUp,EALR,EATT
0.011890606420927468,-0.12366230677764566,-0.4982164090368609,-0.3555291319857313,-0.5980975029726516,-0.09631391200951249
