Kmedoids.LOC,KmeansPlus.LOC,Cure.LOC,ManualUp,EALR,EATT
-0.011890606420927468,-0.11890606420927467,-0.2972651605231867,-0.20332936979785968,-0.4102259215219976,-0.04042806183115339
