random,uncertainty-margin,uncertainty-least_confident,uncertainty-entropy,qbc,bmdr,err-reduction,graph_density,quire,spal
0.0,-0.24775510204081633,-0.035510204081632656,-0.012244897959183673,-0.21959183673469387,0.7412244897959184,0.616734693877551,0.15428571428571428,0.7004081632653061,0.6355102040816326
