random,uncertainty-margin,uncertainty-least_confident,uncertainty-entropy,qbc,bmdr,err-reduction,graph_density,quire,spal
9.042799646123903e-06,0.039122664750358103,0.08694027637461689,0.0005983927862043699,1.9560740722092844e-09,3.733643362896695e-10,0.692826410609775,2.5003512093787798e-06,9.80979629335617e-06,8.80012111717799e-06
