random,uncertainty-margin,uncertainty-least_confident,uncertainty-entropy,qbc,bmdr,err-reduction,graph_density,quire,spal
1.2840706446287855e-05,0.14265598407361685,0.2336853206420606,1.8132753824784622e-05,1.8890402642495422e-10,1.3906055141561405e-10,0.0001659638146255834,1.8890402642495422e-10,4.67988635923401e-11,9.557265868234283e-13
