random,uncertainty-margin,uncertainty-least_confident,uncertainty-entropy,qbc,bmdr,err-reduction,graph_density,quire,spal
2.4867173685840194e-07,0.07010208092405182,0.11885285962592393,2.7518160080148437e-05,1.7309691539144247e-11,1.1470506165664342e-10,0.04140158259109885,3.876792145852346e-10,5.062878278817743e-11,1.3998410994610097e-12
