Cure.LOC,Kmedoids.LOC,KmeansPlus.LOC,ManualUp,EALR,EATT
0.34839476813317477,0.20214030915576695,-1.0,-0.25089179548156954,-0.990487514863258,0.3269916765755054
