KmeansPlus.LOC,Kmedoids.LOC,Cure.LOC,ManualUp,EALR,EATT
0.24851367419738407,-0.20214030915576695,-1.0,-0.3864447086801427,-0.9976218787158145,0.24851367419738407
