Kmedoids.LOC,KmeansPlus.LOC,Cure.LOC,ManualUp,EALR,EATT
-0.24851367419738407,-0.34839476813317477,-0.6706302021403091,-0.28180737217598095,-0.6266349583828775,0.2413793103448276
