random,uncertainty-margin,uncertainty-least_confident,uncertainty-entropy,qbc,bmdr,err-reduction,graph_density,quire,spal
0.0,-0.34775510204081633,-0.12897959183673469,-0.1073469387755102,-0.22938775510204082,0.6297959183673469,0.5232653061224489,0.08612244897959184,0.5383673469387755,0.5048979591836734
