Cure.LOC,Kmedoids.LOC,KmeansPlus.LOC,ManualUp,EALR,EATT
-0.12604042806183116,-0.02497027348394768,-0.47205707491082044,-0.07253269916765755,-0.4470868014268728,0.020214030915576695
