KmeansPlus.LOC,Kmedoids.LOC,Cure.LOC,ManualUp,EALR,EATT
-0.08085612366230678,0.02497027348394768,-0.441141498216409,-0.013079667063020214,-0.4114149821640904,0.07491082045184304
