Kmedoids.LOC,KmeansPlus.LOC,Cure.LOC,ManualUp,EALR,EATT
0.08085612366230678,0.12604042806183116,-0.3995243757431629,0.0178359096313912,-0.3816884661117717,0.14863258026159334
