random,uncertainty-margin,uncertainty-least_confident,uncertainty-entropy,qbc,bmdr,err-reduction,graph_density,quire,spal
1.89831744684263e-08,0.022991675464326462,0.03802373903575015,8.709440141085029e-07,8.414557824648742e-11,6.535714705402156e-09,0.010634723722185262,1.819888635626968e-09,1.2390099735527912e-10,3.237168192762037e-12
