random,uncertainty-margin,uncertainty-least_confident,uncertainty-entropy,qbc,bmdr,err-reduction,graph_density,quire,spal
0.0,-0.30122448979591837,-0.06857142857142857,-0.044897959183673466,-0.21591836734693878,0.6273469387755102,0.5171428571428571,0.11755102040816326,0.5489795918367347,0.5044897959183674
