random,uncertainty-margin,uncertainty-least_confident,uncertainty-entropy,qbc,bmdr,err-reduction,graph_density,quire,spal
0.0,-0.2677551020408163,-0.08979591836734693,-0.07265306122448979,-0.14979591836734693,0.5093877551020408,0.41551020408163264,0.10285714285714286,0.3448979591836735,0.3824489795918367
